unit_id,raw_name,unit_name,category,ml_per_unit,g_per_unit
1000,cup,cup,volume,236.588,
1001,tablespoon,tablespoon,volume,14.787,
1002,teaspoon,teaspoon,volume,4.929,
1003,liter,liter,volume,1000.0,
1004,milliliter,milliliter,volume,1.0,
1005,cubic inch,cubic inch,volume,16.387,
1006,cubic centimeter,milliliter,volume,1.0,
1007,gallon,gallon,volume,3785.41,
1008,pint,pint,volume,473.176,
1009,fl oz,fluid ounce,volume,29.574,
1010,paired cooked w,paired cooked w,special,,
1011,paired raw w,paired raw w,special,,
1012,dripping w,dripping w,special,,
1013,bar,bar,count/portion,,
1014,bird,bird,count/portion,,
1015,biscuit,biscuit,count/portion,,
1016,bottle,bottle,count/portion,,
1017,box,box,count/portion,,
1018,breast,breast,count/portion,,
1019,can,can,count/portion,,
1020,chicken,chicken,count/portion,,
1021,chop,chop,count/portion,,
1022,cookie,cookie,count/portion,,
1023,container,container,count/portion,,
1024,cracker,cracker,count/portion,,
1025,drink,drink,count/portion,,
1026,drumstick,drumstick,count/portion,,
1027,fillet,fillet,count/portion,,
1028,fruit,fruit,count/portion,,
1029,large,large,size,,
1030,lb,pound,weight,,453.592
1031,leaf,leaf,count/portion,,
1032,leg,leg,count/portion,,
1033,link,link,count/portion,,
1034,links,link,count/portion,,
1035,loaf,loaf,count/portion,,
1036,medium,medium,size,,
1037,muffin,muffin,count/portion,,
1038,oz,ounce,weight,,28.3495
1039,package,package,count/portion,,
1040,packet,packet,count/portion,,
1041,patty,patty,count/portion,,
1042,patties,patty,count/portion,,
1043,piece,piece,count/portion,,
1044,pieces,piece,count/portion,,
1045,quart,quart,volume,946.353,
1046,roast,roast,count/portion,,
1047,sausage,sausage,count/portion,,
1048,scoop,scoop,count/portion,,
1049,serving,serving,count/portion,,
1050,slice,slice,count/portion,,
1051,slices,slice,count/portion,,
1052,small,small,size,,
1053,stalk,stalk,count/portion,,
1054,steak,steak,count/portion,,
1055,stick,stick,count/portion,,
1056,strip,strip,count/portion,,
1057,tablet,tablet,count/portion,,
1058,thigh,thigh,count/portion,,
1059,unit,unit,count/portion,,
1060,wedge,wedge,count/portion,,
1061,orig ckd g,orig ckd g,special,,
1062,orig rw g,orig rw g,special,,
1063,medallion,medallion,count/portion,,
1064,pie,pie,count/portion,,
1065,wing,wing,count/portion,,
1066,back,back,count/portion,,
1067,olive,olive,count/portion,,
1068,pocket,pocket,count/portion,,
1069,order,order,count/portion,,
1070,shrimp,shrimp,count/portion,,
1071,each,each,count/portion,,
1072,filet,filet,count/portion,,
1073,plantain,plantain,count/portion,,
1074,nugget,nugget,count/portion,,
1075,pretzel,pretzel,count/portion,,
1076,corndog,corndog,count/portion,,
1077,spear,spear,count/portion,,
1078,sandwich,sandwich,count/portion,,
1079,tortilla,tortilla,count/portion,,
1080,burrito,burrito,count/portion,,
1081,taco,taco,count/portion,,
1082,tomatoes,tomato,count/portion,,
1083,chips,chips,count/portion,,
1084,shell,shell,count/portion,,
1085,bun,bun,count/portion,,
1086,crust,crust,count/portion,,
1087,sheet,sheet,count/portion,,
1088,bag,bag,count/portion,,
1089,bagel,bagel,count/portion,,
1090,bowl,bowl,count/portion,,
1091,breadstick,breadstick,count/portion,,
1092,bulb,bulb,count/portion,,
1093,cake,cake,count/portion,,
1094,carton,carton,count/portion,,
1095,chunk,chunk,count/portion,,
1096,contents,contents,count/portion,,
1097,cutlet,cutlet,count/portion,,
1098,doughnut,doughnut,count/portion,,
1099,egg,egg,count/portion,,
1100,fish,fish,count/portion,,
1101,foreshank,foreshank,count/portion,,
1102,frankfurter,frankfurter,count/portion,,
1103,fries,fries,count/portion,,
1104,head,head,count/portion,,
1105,jar,jar,count/portion,,
1106,loin,loin,count/portion,,
1107,pancake,pancake,count/portion,,
1108,pizza,pizza,count/portion,,
1109,rack,rack,count/portion,,
1110,ribs,ribs,count/portion,,
1111,roll,roll,count/portion,,
1112,shank,shank,count/portion,,
1113,shoulder,shoulder,count/portion,,
1114,skin,skin,count/portion,,
1115,wafers,wafers,count/portion,,
1116,wrap,wrap,count/portion,,
1117,bunch,bunch,count/portion,,
1118,tablespoons,tablespoon,volume,14.787,
1119,banana,each,count/portion,,
1120,onion,each,count/portion,,
9999,undetermined,undetermined,special,,
1121,racc,racc,special,,
